paper_id	affiliation_string	labels	labels_name	institution1_id	institution2_id	institution3_id	institution4_id	institution5_id	institution6_id	dataset
W2918252437	Institute of Chemistry, University of Graz, NAWI Graz, BioTechMed Graz, Heinrichstrasse 28, 8010 Graz, Austria	[4210117258, 4210108044, 15766117]	['4210117258 - BioTechMed-Graz', '4210108044 - Nawi Graz', '15766117 - University of Graz']	15766117	4210108044	4210117258	No name	No name	No name	cwts_multi_inst_no_relation
W3117409977	Institute for Chemistry and Technology of Materials (ICTM), NAWI Graz, Graz University of Technology, Stremayrgasse 9, 8010, Graz, Austria	[4210108044, 4092182]	['4210108044 - Nawi Graz', '4092182 - Graz University of Technology']	4092182	4210108044	No name	No name	No name	No name	cwts_multi_inst_no_relation
W2124941761	Institute of Medical Biochemistry, Department of Molecular Genetics, University and BioCenter Vienna, Austria.	[4210142901, 129774422]	['4210142901 - Vienna Biocenter', '129774422 - University of Vienna']	129774422	4210142901	No name	No name	No name	No name	cwts_multi_inst_no_relation
W1981573615	Department of Radiotherapy and Radiobiology, University of Vienna at the General Hospital Vienna, 1190, Vienna, Austria	[2802328216, 129774422]	['2802328216 - Vienna General Hospital', '129774422 - University of Vienna']	129774422	2802328216	No name	No name	No name	No name	cwts_multi_inst_no_relation
W3111096887	Unit of Comparative Cognition, Messerli Research Institute, Vetmeduni Vienna, University of Vienna, Medical University of Vienna, Vienna, Austria.	[150540706, 76134821, 129774422]	['150540706 - University of Veterinary Medicine Vienna', '76134821 - Medical University of Vienna', '129774422 - University of Vienna']	76134821	150540706	129774422	No name	No name	No name	cwts_multi_inst_no_relation
W2806828559	Comparative Medicine, The Interuniversity Messerli Research Institute of the University of Veterinary Medicine Vienna, Medical University Vienna and University Vienna, Vienna, Austria.	[150540706, 76134821, 129774422]	['150540706 - University of Veterinary Medicine Vienna', '76134821 - Medical University of Vienna', '129774422 - University of Vienna']	76134821	150540706	129774422	No name	No name	No name	cwts_multi_inst_no_relation
W1417187450	Institute of Molecular Biosciences, BioTechMed-Graz, University of Graz, Austria	[4210117258, 15766117]	['4210117258 - BioTechMed-Graz', '15766117 - University of Graz']	15766117	4210117258	No name	No name	No name	No name	cwts_multi_inst_no_relation
W3028878531	Monash University & RMIT, Melbourne, VIC, Australia	[56590836, 82951845]	['56590836 - Monash University', '82951845 - RMIT University']	82951845	56590836	No name	No name	No name	No name	cwts_multi_inst_no_relation
W2981640539	School of Public Health and Community Medicine, University of New South Wales,Sydney, New South Wales,Australia.	[129604602, 31746571]	['129604602 - University of Sydney', '31746571 - UNSW Sydney']	31746571	129604602	No name	No name	No name	No name	cwts_multi_inst_no_relation
W2585216972	EMBL Australia Node in Single Molecule Science, School of Medical Sciences, University of New South Wales, Sydney, Australia.	[4210098306, 31746571]	['4210098306 - EMBL Australia', '31746571 - UNSW Sydney']	31746571	4210098306	No name	No name	No name	No name	cwts_multi_inst_no_relation
W2906435465	Telethon Kids Institute, School of Physiotherapy and Exercise Science, Curtin University, Centre for Child Health, University of Western Australia, Perth, Australia	[177877127, 205640436, 175234967]	['177877127 - University of Western Australia', '205640436 - Curtin University', '175234967 - Telethon Kids Institute']	177877127	205640436	175234967	No name	No name	No name	cwts_multi_inst_no_relation
W1875457868	Hunter Medical Research Institute, John Hunter Hospital, New Lambton, NSW, Australia	[2800479947, 4210087646]	['2800479947 - John Hunter Hospital', '4210087646 - Hunter Medical Research Institute']	2800479947	4210087646	No name	No name	No name	No name	cwts_multi_inst_no_relation
W2068206119	Hunter Medical Research Institute, The John Hunter Hospital, Newcastle, NSW, Australia	[2800479947, 4210087646]	['2800479947 - John Hunter Hospital', '4210087646 - Hunter Medical Research Institute']	2800479947	4210087646	No name	No name	No name	No name	cwts_multi_inst_no_relation
W2024384692	Murdoch Childrens Research Institute, The Royal Children's Hospital, Melbourne, Victoria, Australia	[4210150290, 1321649718]	["4210150290 - Murdoch Children's Research Institute", "1321649718 - Royal Children's Hospital"]	1321649718	4210150290	No name	No name	No name	No name	cwts_multi_inst_no_relation
W4206690503	Victorian Clinical Genetics Services, Murdoch Children's Research Institute, Royal Children's Hospital, Melbourne, Victoria, Australia.	[4210150290, 4210109019, 1321649718]	["4210150290 - Murdoch Children's Research Institute", '4210109019 - Victorian Clinical Genetics Services', "1321649718 - Royal Children's Hospital"]	1321649718	4210150290	No name	No name	No name	No name	cwts_multi_inst_no_relation
W2948191744	New Vaccines, Murdoch Children's Research Institute, Royal Children's Hospital, Parkville, Australia.	[4210150290, 1321649718]	["4210150290 - Murdoch Children's Research Institute", "1321649718 - Royal Children's Hospital"]	1321649718	4210150290	No name	No name	No name	No name	cwts_multi_inst_no_relation
W2038031971	Murdoch Children's Research Institute, Royal Children's Hospital, Flemington Road, Parkville, VIC 3052, Melbourne, Australia.	[4210150290, 1321649718]	["4210150290 - Murdoch Children's Research Institute", "1321649718 - Royal Children's Hospital"]	1321649718	4210150290	No name	No name	No name	No name	cwts_multi_inst_no_relation
W1526856069	Early Life Epigenetics Group, Murdoch Childrens Research Institute, Royal Childrens Hospital, Parkville, Vic., Australia	[4210150290, 1321649718]	["4210150290 - Murdoch Children's Research Institute", "1321649718 - Royal Children's Hospital"]	1321649718	4210150290	No name	No name	No name	No name	cwts_multi_inst_no_relation
W3110354990	Austin Health, The University of Adelaide, Heidelberg, VIC, Australia.	[4210163497, 5681781]	['4210163497 - Austin Health', '5681781 - University of Adelaide']	5681781	4210163497	No name	No name	No name	No name	cwts_multi_inst_no_relation
W354739113	Joint Graduate Program in Physiological Sciences, Federal University of São Carlos, SP (UFSCar), São Paulo State University (UNESP), Araraquara, SP, Brazil	[879563668, 177909021]	['879563668 - São Paulo State University', '177909021 - Federal University of São Carlos']	879563668	177909021	No name	No name	No name	No name	cwts_multi_inst_no_relation
W2969602711	Dept. of Earth Sciences, Carleton U., 1125 Colonel By Drive, Ottawa K1S 5B6, Canada	[67031392, 153718931]	['67031392 - Carleton University', '153718931 - University of Ottawa']	67031392	153718931	No name	No name	No name	No name	cwts_multi_inst_no_relation
W2058248754	Ottawa-Carleton Institute for Physics, University of Ottawa, Canada K1N6N5	[67031392, 153718931]	['67031392 - Carleton University', '153718931 - University of Ottawa']	153718931	67031392	No name	No name	No name	No name	cwts_multi_inst_no_relation
W3082888413	Centre de Recherche en Géochimie Et Géodynamique (GÉOTOP-UQAM)-McGill University, 201 ave. du Président-Kennedy 7e étage, local PK-7150, Montréal, QC, H2X 3Y7, Canada.	[5023651, 159129438]	['5023651 - McGill University', '159129438 - University of Quebec at Montreal']	5023651	159129438	No name	No name	No name	No name	cwts_multi_inst_no_relation
W3085637620	Dept. of Mechanical & Industrial Eng., Ryerson University 350 Victoria Street, Toronto, ON, M5B 2K3, Canada	[185261750, 530967]	['185261750 - University of Toronto', '530967 - Ryerson University']	Ryerson University	185261750	No name	No name	No name	No name	cwts_multi_inst_no_relation
W2088433918	Department of Medicine, University Health Network, Mount Sinai Hospital, Toronto, Ontario	[1325899441, 1291836623]	['1325899441 - University Health Network', '1291836623 - Mount Sinai Hospital']	1325899441	Mount Sinai Hospital	No name	No name	No name	No name	cwts_multi_inst_no_relation
W2062812959	Department of Pediatrics, Research Centre, CHU-Sainte-Justine, Université de Montréal, Montreal, Canada	[2802351361, 70931966]	['2802351361 - Centre Hospitalier Universitaire Sainte-Justine', '70931966 - University of Montreal']	University of Montreal	2802351361	No name	No name	No name	No name	cwts_multi_inst_no_relation
W2043250838	Department of Pediatrics, Sainte-Justine Hospital, University of Montreal, Montreal, H3T 1C5 Canada.	[2802351361, 70931966]	['2802351361 - Centre Hospitalier Universitaire Sainte-Justine', '70931966 - University of Montreal']	University of Montreal	2802351361	No name	No name	No name	No name	cwts_multi_inst_no_relation
W2793072626	Division of Medical Genetics, Department of Pediatrics, Faculty of Medicine and Health Sciences, Université de Sherbrooke, CR-CHUS, Hospital Fleurimont, 3,001, 12th Avenue North, Sherbrooke, QC J1H 5N4, Canada.	[4210095033, 135117807]	['4210095033 - Hôpital Fleurimont', '135117807 - Université de Sherbrooke']	135117807	4210095033	No name	No name	No name	No name	cwts_multi_inst_no_relation
W1543631880	Department of Pathology, Faculty of Medicine, University of British Columbia, British Columbia's Children's Hospital, Vancouver, Canada.	[4210153200, 141945490]	["4210153200 - British Columbia Children's Hospital", '141945490 - University of British Columbia']	141945490	4210153200	No name	No name	No name	No name	cwts_multi_inst_no_relation
W2889392009	Division of Emergency Medicine, Department of Pediatrics, BC Children's Hospital, University of British Columbia, Vancouver, British Columbia, Canada	[4210153200, 141945490]	["4210153200 - British Columbia Children's Hospital", '141945490 - University of British Columbia']	141945490	4210153200	No name	No name	No name	No name	cwts_multi_inst_no_relation
W3004826111	Department of Pediatrics,  University of British Columbia, Vancouver, British Columbia,  Canada.	[141945490, 2801317318]	['141945490 - University of British Columbia', '2801317318 - Hospital for Sick Children']	141945490	2801317318	No name	No name	No name	No name	cwts_multi_inst_no_relation
W2808235019	Department of Pediatrics, British Columbia Children's Hospital, University of British Columbia, Vancouver, Canada	[4210153200, 141945490]	["4210153200 - British Columbia Children's Hospital", '141945490 - University of British Columbia']	141945490	4210153200	No name	No name	No name	No name	cwts_multi_inst_no_relation
W2169993130	Department of Pediatrics, University of British Columbia, British Columbia Children's Hospital, 4480 Oak Street, Vancouver, BC, Canada V6H	[4210153200, 141945490]	["4210153200 - British Columbia Children's Hospital", '141945490 - University of British Columbia', '2801317318 - Hospital for Sick Children']	141945490	2801317318	No name	No name	No name	No name	cwts_multi_inst_no_relation
W1988763304	Children’s Hospital of Eastern Ontario, Department of Pediatrics, University of Ottawa, Ottawa, Ontario, Canada	[2799330578, 153718931]	["2799330578 - Children's Hospital of Eastern Ontario", '153718931 - University of Ottawa']	153718931	2799330578	No name	No name	No name	No name	cwts_multi_inst_no_relation
W2141943331	Department of Pediatrics, Children's Hospital Eastern Ontario, University of Ottawa, Ottawa, Canada	[2799330578, 153718931]	["2799330578 - Children's Hospital of Eastern Ontario", '153718931 - University of Ottawa']	153718931	2799330578	No name	No name	No name	No name	cwts_multi_inst_no_relation
W2522600308	Department of Surgery, Maisonneuve-Rosemont Hospital, Centre intégré universitaire de santé et de services sociaux de l'Est-de-l'Île-de-Montréal, University of Montreal Affiliated Hospital, Montreal, Quebec, Canada	[4210142730, 70931966, 29045822]	['4210142730 - Centre Hospitalier de l’Université de Montréal', '70931966 - University of Montreal', '29045822 - Hôpital Maisonneuve-Rosemont']	4210142730	29045822	No name	No name	No name	No name	cwts_multi_inst_no_relation
W1986801165	Lawson Research Institute St Joseph’s Health Care, London, ON, Canada	[4210151658, 131944076]	["4210151658 - St Joseph's Health Care", '131944076 - Lawson Health Research Institute']	4210151658	131944076	No name	No name	No name	No name	cwts_multi_inst_no_relation
W4231694266	Cancer Ethic Programme, Centre for Bioethics, Clinical Research Institute of Montreal, Department of Oncology, McGill University, Montreal, Quebec	[4210158752, 5023651]	['4210158752 - Montreal Clinical Research Institute', '5023651 - McGill University', '-1 - None']	5023651	4210158752	No name	No name	No name	No name	cwts_multi_inst_no_relation
W2041841039	ETH Zürich, Department of Biosystems Science and Engineering, CH-4058 Basel, Switzerland	[35440088, 1850255]	['35440088 - ETH Zurich', '1850255 - University of Basel']	35440088	1850255	No name	No name	No name	No name	cwts_multi_inst_no_relation
W2055319262	School of Pharmaceutical Sciences, University of Geneva, University of Lausanne, Quai Ernest-Ansermet 30, 1211 Geneva, Switzerland	[97565354, 114457229]	['97565354 - University of Lausanne', '114457229 - University of Geneva']	97565354	114457229	No name	No name	No name	No name	cwts_multi_inst_no_relation
W2944299812	School of Pharmaceutical Sciences, University of Geneva, University of Lausanne, CMU, Rue Michel-Servet 1, 1211 Geneva 4, Switzerland	[97565354, 114457229]	['97565354 - University of Lausanne', '114457229 - University of Geneva']	97565354	114457229	No name	No name	No name	No name	cwts_multi_inst_no_relation
W2579270137	School of Pharmaceutical Sciences, University of Geneva, University of Lausanne , CMU - Rue Michel Servet 1, 1211 Geneva 11, Switzerland.	[97565354, 114457229]	['97565354 - University of Lausanne', '114457229 - University of Geneva']	97565354	114457229	No name	No name	No name	No name	cwts_multi_inst_no_relation
W2888881959	School of Pharmaceutical Sciences, Laboratory of Pharmaceutical Technology, University of Geneva, University of Lausanne, Rue Michel-Servet 1, Genève 4, Switzerland	[97565354, 114457229]	['97565354 - University of Lausanne', '114457229 - University of Geneva']	97565354	114457229	No name	No name	No name	No name	cwts_multi_inst_no_relation
W2135817947	Institute of Neuroinformatics, University of Zurich/ETH Zurich, CH-8057 Zurich, Switzerland.	[35440088, 202697423]	['35440088 - ETH Zurich', '12708293 - Swiss Institute of Bioinformatics', '202697423 - University of Zurich']	202697423	35440088	No name	No name	No name	No name	cwts_multi_inst_no_relation
W2156673336	Laboratory of Biosensors and Bioelectronics, Institute for Biomedical Engineering, ETH, Zurich, Switzerland	[35440088, 4210090941]	['35440088 - ETH Zurich', '4210090941 - Institute for Biomedical Engineering']	35440088	4210090941	No name	No name	No name	No name	cwts_multi_inst_no_relation
W2015245563	Brain Research Institute, University of Zurich/Swiss Federal Institute of Technology, Zurich, Switzerland.	[35440088, 202697423]	['5124864 - École Polytechnique Fédérale de Lausanne', '35440088 - ETH Zurich', '202697423 - University of Zurich']	202697423	35440088	No name	No name	No name	No name	cwts_multi_inst_no_relation
W4280651559	Functional Genomics Center Zurich, University of Zurich/ETH Zurich, 8057 Zurich, Switzerland	[35440088, 202697423]	['35440088 - ETH Zurich', '202697423 - University of Zurich']	35440088	202697423	No name	No name	No name	No name	cwts_multi_inst_no_relation
W2054357647	Functional Genomics Center Zurich, UZH/ETH Zurich, Zurich, Switzerland; and	[35440088, 4210100468]	['35440088 - ETH Zurich', '4210100468 - University Hospital of Zurich']	35440088	4210100468	No name	No name	No name	No name	cwts_multi_inst_no_relation
W2888433646	Laboratory of Biosensors and Bioelectronics, Institute of Biomedical Engineering, ETH Zürich, 8092 Zürich, Switzerland	[35440088, 4210090941]	['35440088 - ETH Zurich', '4210090941 - Institute for Biomedical Engineering']	35440088	4210090941	No name	No name	No name	No name	cwts_multi_inst_no_relation
W3090795230	Unit of Medicine and Traffic Psychology, CURML, Lausanne University Hospital, Geneva University Hospitals, Lausanne, Switzerland.	[4210106256, 2802229882, 4210130533]	['4210106256 - University Hospital of Geneva', '2802229882 - University Hospital of Lausanne', '4210130533 - University Centre of Legal Medicine']	2802229882	4210106256	No name	No name	No name	No name	cwts_multi_inst_no_relation
W2106488695	#N#20#N#University Psychiatric Clinics, Center for Gender Research and Early Detection, c/o Universitätsspital Basel, Switzerland;	[2802542264, 4210166749]	['2802542264 - University Hospital of Basel', '4210166749 - Universitäre Psychiatrische Kliniken Basel']	2802542264	4210166749	No name	No name	No name	No name	cwts_multi_inst_no_relation
W3021013603	Medical Research Center The Third People’s Hospital of Chengdu The Affiliated Hospital of Southwest Jiaotong University The Second Chengdu Hospital Affiliated to Chongqing Medical University Chengdu China	[4210093384, 4210133253, 4800084, 87780372]	["4210093384 - Chengdu Third People's Hospital", "4210133253 - Chengdu Second People's Hospital", '4800084 - Southwest Jiaotong University', '87780372 - Chongqing Medical University']	87780372	4800084	4210093384	4210133253	No name	No name	cwts_multi_inst_no_relation
W2900210632	Department of Orthopedics, Guangzhou First People's Hospital, School of Medicine, South China University of Technology, Guangzhou, Guangdong 510180, People's Republic of China.	[90610280, 4210116575]	['90610280 - South China University of Technology', "4210116575 - Guangzhou First People's Hospital"]	90610280	4210116575	No name	No name	No name	No name	cwts_multi_inst_no_relation
W2997065641	Beijing Normal University and Hong Kong Baptist University United International College Zhuhai 519087, China	[12615008, 141568987, 25254941]	['12615008 - United International College', '141568987 - Hong Kong Baptist University', '25254941 - Beijing Normal University']	141568987	25254941	No name	No name	No name	No name	cwts_multi_inst_no_relation
W2171103025	Kwai S. Leung is at the Division of Science and Technology; Beijing Normal University-Hong Kong Baptist University United International College; Zhuhai China	[12615008, 141568987, 25254941]	['12615008 - United International College', '141568987 - Hong Kong Baptist University', '25254941 - Beijing Normal University']	141568987	25254941	No name	No name	No name	No name	cwts_multi_inst_no_relation
W2412056703	Key Laboratory of Chemical Sensing & Analysis in Universities of Shandong, School of Chemistry and Chemical Engineering, University of Jinan, Jinan 250022, P. R. China	[34949971, 154099455]	['34949971 - University of Jinan', '154099455 - Shandong University']	34949971	154099455	No name	No name	No name	No name	cwts_multi_inst_no_relation
W2043885188	Key Laboratory of Chemical Sensing & Analysis in Universities of Shandong, School of Chemistry and Chemical Engineering, University of Jinan, Jinan 250022, P. R. China	[34949971, 154099455]	['34949971 - University of Jinan', '154099455 - Shandong University']	34949971	154099455	No name	No name	No name	No name	cwts_multi_inst_no_relation
W2412056703	Key Laboratory of Chemical Sensing & Analysis in Universities of Shandong, School of Chemistry and Chemical Engineering, University of Jinan, Jinan 250022, P. R. China	[34949971, 154099455]	['34949971 - University of Jinan', '154099455 - Shandong University']	34949971	154099455	No name	No name	No name	No name	cwts_multi_inst_no_relation
W2043885188	Key Laboratory of Chemical Sensing & Analysis in Universities of Shandong, School of Chemistry and Chemical Engineering, University of Jinan, Jinan 250022, P. R. China	[34949971, 154099455]	['34949971 - University of Jinan', '154099455 - Shandong University']	34949971	154099455	No name	No name	No name	No name	cwts_multi_inst_no_relation
W3123320475	Nanoyang Group, State Key Laboratory of Chemical Engineering, School of Chemical Engineering and Technology, Tianjin University, Tianjin, 300072 China	[4210156066, 162868743]	['4210156066 - State Key Laboratory of Chemical Engineering', '162868743 - Tianjin University']	162868743	4210156066	No name	No name	No name	No name	cwts_multi_inst_no_relation
W2765946597	State Key Laboratory of Chemical Engineering, Collaborative Innovation Center of Chemical science and Engineering (Tianjin), School of Chemical Engineering and Technology, Tianjin University, Tianjin 300072, China	[4210156066, 162868743]	['4210156066 - State Key Laboratory of Chemical Engineering', '162868743 - Tianjin University']	162868743	4210156066	No name	No name	No name	No name	cwts_multi_inst_no_relation
W2989691704	School of Chemical Engineering & Technology, State Key Laboratory of Chemical Engineering, Collaborative Innovation Center of Chemical Science and Engineering, Tianjin University, Tianjin, 300072, China.	[4210151209, 4210156066, 162868743]	['4210151209 - Collaborative Innovation Center of Chemical Science and Engineering Tianjin', '4210156066 - State Key Laboratory of Chemical Engineering', '162868743 - Tianjin University']	162868743	4210156066	No name	No name	No name	No name	cwts_multi_inst_no_relation
W2908112480	School of Chemical Engineering & Technology, State Key Laboratory of Chemical Engineering, Collaborative Innovation Center of Chemical Science and Engineering, Tianjin University, Tianjin, 300072, China.	[4210151209, 4210156066, 162868743]	['4210151209 - Collaborative Innovation Center of Chemical Science and Engineering Tianjin', '4210156066 - State Key Laboratory of Chemical Engineering', '162868743 - Tianjin University']	162868743	4210156066	No name	No name	No name	No name	cwts_multi_inst_no_relation
W2989691704	School of Chemical Engineering & Technology, State Key Laboratory of Chemical Engineering, Collaborative Innovation Center of Chemical Science and Engineering, Tianjin University, Tianjin, 300072, China.	[4210151209, 4210156066, 162868743]	['4210151209 - Collaborative Innovation Center of Chemical Science and Engineering Tianjin', '4210156066 - State Key Laboratory of Chemical Engineering', '162868743 - Tianjin University']	162868743	4210156066	No name	No name	No name	No name	cwts_multi_inst_no_relation
W2989691704	School of Chemical Engineering & Technology, State Key Laboratory of Chemical Engineering, Collaborative Innovation Center of Chemical Science and Engineering, Tianjin University, Tianjin, 300072, China.	[4210151209, 4210156066, 162868743]	['4210151209 - Collaborative Innovation Center of Chemical Science and Engineering Tianjin', '4210156066 - State Key Laboratory of Chemical Engineering', '162868743 - Tianjin University']	162868743	4210156066	No name	No name	No name	No name	cwts_multi_inst_no_relation
W2908112480	School of Chemical Engineering & Technology, State Key Laboratory of Chemical Engineering, Collaborative Innovation Center of Chemical Science and Engineering, Tianjin University, Tianjin, 300072, China.	[4210151209, 4210156066, 162868743]	['4210151209 - Collaborative Innovation Center of Chemical Science and Engineering Tianjin', '4210156066 - State Key Laboratory of Chemical Engineering', '162868743 - Tianjin University']	162868743	4210156066	No name	No name	No name	No name	cwts_multi_inst_no_relation
W2989691704	School of Chemical Engineering & Technology, State Key Laboratory of Chemical Engineering, Collaborative Innovation Center of Chemical Science and Engineering, Tianjin University, Tianjin, 300072, China.	[4210151209, 4210156066, 162868743]	['4210151209 - Collaborative Innovation Center of Chemical Science and Engineering Tianjin', '4210156066 - State Key Laboratory of Chemical Engineering', '162868743 - Tianjin University']	162868743	4210156066	No name	No name	No name	No name	cwts_multi_inst_no_relation
W2989691704	School of Chemical Engineering & Technology, State Key Laboratory of Chemical Engineering, Collaborative Innovation Center of Chemical Science and Engineering, Tianjin University, Tianjin, 300072, China.	[4210151209, 4210156066, 162868743]	['4210151209 - Collaborative Innovation Center of Chemical Science and Engineering Tianjin', '4210156066 - State Key Laboratory of Chemical Engineering', '162868743 - Tianjin University']	162868743	4210156066	No name	No name	No name	No name	cwts_multi_inst_no_relation
W2908112480	School of Chemical Engineering & Technology, State Key Laboratory of Chemical Engineering, Collaborative Innovation Center of Chemical Science and Engineering, Tianjin University, Tianjin, 300072, China.	[4210151209, 4210156066, 162868743]	['4210151209 - Collaborative Innovation Center of Chemical Science and Engineering Tianjin', '4210156066 - State Key Laboratory of Chemical Engineering', '162868743 - Tianjin University']	162868743	4210156066	No name	No name	No name	No name	cwts_multi_inst_no_relation
W2989691704	School of Chemical Engineering & Technology, State Key Laboratory of Chemical Engineering, Collaborative Innovation Center of Chemical Science and Engineering, Tianjin University, Tianjin, 300072, China.	[4210151209, 4210156066, 162868743]	['4210151209 - Collaborative Innovation Center of Chemical Science and Engineering Tianjin', '4210156066 - State Key Laboratory of Chemical Engineering', '162868743 - Tianjin University']	162868743	4210156066	No name	No name	No name	No name	cwts_multi_inst_no_relation
W2802635222	State Key Laboratory of Chemical Engineering, Tianjin University, School of Chemical Engineering and Technology, Tianjin 30072, PR China	[4210156066, 162868743]	['4210156066 - State Key Laboratory of Chemical Engineering', '162868743 - Tianjin University']	162868743	4210156066	No name	No name	No name	No name	cwts_multi_inst_no_relation
W2944140525	Nanoyang Group, State Key Laboratory of Chemical Engineering, School of Chemical Engineering and Technology, Tianjin University, Tianjin 300350, China	[4210156066, 162868743]	['4210156066 - State Key Laboratory of Chemical Engineering', '162868743 - Tianjin University']	162868743	4210156066	No name	No name	No name	No name	cwts_multi_inst_no_relation
W3005892933	State Key Laboratory of Chemical Engineering, School of Chemical Engineering and Technology, Tianjin University, Tianjin 300072, PR China	[4210156066, 162868743]	['4210156066 - State Key Laboratory of Chemical Engineering', '162868743 - Tianjin University']	162868743	4210156066	No name	No name	No name	No name	cwts_multi_inst_no_relation
W2011039341	State Key Laboratory of Chemical Engineering, School of Chemical Engineering and Technology Tianjin University Tianjin China	[4210156066, 162868743]	['4210156066 - State Key Laboratory of Chemical Engineering', '162868743 - Tianjin University']	162868743	4210156066	No name	No name	No name	No name	cwts_multi_inst_no_relation
W2766203022	State Key Laboratory of Chemical Engineering, School of Chemical Engineering and Technology , Tianjin University , Tianjin 300072 , P.R. China.	[4210156066, 162868743]	['4210156066 - State Key Laboratory of Chemical Engineering', '162868743 - Tianjin University']	162868743	4210156066	No name	No name	No name	No name	cwts_multi_inst_no_relation
W2144077603	School of Chemical Engineering and Technology, State Key Laboratory of Chemical Engineering, Tianjin Key Laboratory of Membrane Science and Desalination Technology, Tianjin University,Tianjin,PR China	[4210156066, 162868743]	['4210156066 - State Key Laboratory of Chemical Engineering', '162868743 - Tianjin University']	162868743	4210156066	No name	No name	No name	No name	cwts_multi_inst_no_relation
W2110447721	State Key Laboratory of Chemical Engineering (Tianjin University); Tianjin 300072 China	[4210156066, 162868743]	['4210156066 - State Key Laboratory of Chemical Engineering', '162868743 - Tianjin University']	162868743	4210156066	No name	No name	No name	No name	cwts_multi_inst_no_relation
W2900355323	School of Chemical Engineering and Technology, State Key Laboratory of Chemical Engineering, Tianjin University, Tianjin, 300072, P. R. China	[4210156066, 162868743]	['4210156066 - State Key Laboratory of Chemical Engineering', '162868743 - Tianjin University']	162868743	4210156066	No name	No name	No name	No name	cwts_multi_inst_no_relation
W2065151441	State Key Laboratory of Chemical Engineering, School of Chemical Engineering and Technology, Tianjin University, Tianjin 300072, China	[4210156066, 162868743]	['4210156066 - State Key Laboratory of Chemical Engineering', '162868743 - Tianjin University']	162868743	4210156066	No name	No name	No name	No name	cwts_multi_inst_no_relation
W2021748653	State Key Laboratory of Chemo/Biosensing and Chemometrics, Hunan University, College of Chemistry and Chemical Engineering, Hunan Normal University, Changsha 410081, PR China	[173759888, 16609230]	['173759888 - Hunan Normal University', '16609230 - Hunan University']	173759888	16609230	No name	No name	No name	No name	cwts_multi_inst_no_relation
W2009559924	The Chinese University of Hong Kong – Zhejiang University Joint Laboratory for Human Reproduction and Related Diseases,	[177725633, 76130692]	['177725633 - Chinese University of Hong Kong', '76130692 - Zhejiang University', '889458895 - University of Hong Kong']	177725633	76130692	No name	No name	No name	No name	cwts_multi_inst_no_relation
W2968589146	The University of Adelaide-Shanghai Jiao Tong University Joint Laboratory for Plant Science and Breeding, School of Life Sciences and Biotechnology, Shanghai Jiao Tong University, 200240 China.	[183067930, 5681781]	['183067930 - Shanghai Jiao Tong University', '5681781 - University of Adelaide']	183067930	5681781	No name	No name	No name	No name	cwts_multi_inst_no_relation
W2106533195	State Key Laboratory of Medical Molecular Biology, Institute of Basic Medical Sciences, Chinese Academy of Medical Sciences, Peking Union Medical College, Tsinghua University, Beijing, China	[200296433, 99065089]	['200296433 - Chinese Academy of Medical Sciences & Peking Union Medical College', '99065089 - Tsinghua University']	99065089	200296433	No name	No name	No name	No name	cwts_multi_inst_no_relation
W3168189190	Department of Anesthesiology, Shenzhen People's Hospital, The Second Clinical Medical College, Jinan University, The First Affiliated Hospital of Southern University of Science and Technology, Shenzhen, Guangdong, China (mainland).	[159948400, 3045169105, 4210105608]	['159948400 - Jinan University', '3045169105 - Southern University of Science and Technology', '4210105608 - ShenZhen People’s Hospital']	4210105608	Jinan University	No name	No name	No name	No name	cwts_multi_inst_no_relation
W2996635613	Shenzhen People’s Hospital, The First Affiliated Hospital of Southern University of Science and Technology, The Second Clinical Medical College of Jinan University, Shenzhen, China	[159948400, 3045169105, 4210105608]	['159948400 - Jinan University', '3045169105 - Southern University of Science and Technology', '4210105608 - ShenZhen People’s Hospital']	Jinan University	4210105608	No name	No name	No name	No name	cwts_multi_inst_no_relation
W2919779855	Department of Urology Guangzhou First People's Hospital, Guangzhou Medical University, the Second Affiliated Hospital of South China University of Technology Guangzhou China	[90610280, 2799425052, 92039509, 4210116575]	['90610280 - South China University of Technology', '2799425052 - Guangdong General Hospital', '92039509 - Guangzhou Medical University', "4210116575 - Guangzhou First People's Hospital"]	4210116575	92039509	2799425052	No name	No name	No name	cwts_multi_inst_no_relation
W2606985331	State Key Laboratory of Synthetic Chemistry, Institute of Molecular Functional Materials, HKU-CAS Joint Laboratory on New Materials, Department of Chemistry, The University of Hong Kong , Pokfulam Road, Hong Kong, People's Republic of China.	[4210130449, 889458895, 4210165038, 4210094881]	['4210130449 - State Key Laboratory of Synthetic Chemistry', '889458895 - University of Hong Kong', '4210165038 - University of Chinese Academy of Sciences', '4210094881 - Institute of Molecular Functional Materials']	889458895	4210165038	4210130449	No name	No name	No name	cwts_multi_inst_no_relation
W1997650416	Institute of Clinical Chemistry and Pathobiochemistry, Klinikum rechts der Isar, Technische Universität, 81675 München, Germany	[62916508, 2802619606]	['62916508 - Technical University of Munich', '2802619606 - Rechts der Isar Hospital']	2802619606	62916508	No name	No name	No name	No name	cwts_multi_inst_no_relation
W2776842287	Department of Dermatology and Allergology Klinikum rechts der Isar Technical University Munich Munich Germany	[62916508, 2802619606]	['62916508 - Technical University of Munich', '2802619606 - Rechts der Isar Hospital']	2802619606	62916508	No name	No name	No name	No name	cwts_multi_inst_no_relation
W2238408377	Universitätsklinikum Carl Gustav Carus der TU Dresden Medizinische Klinik und Poliklinik I Dresden Germany	[4210162051, 78650965, 4210164182]	['4210162051 - University Hospital Carl Gustav Carus', '78650965 - TU Dresden', '4210164182 - Klinik und Poliklinik für Psychotherapie und Psychosomatik']	4210162051	4210162051	No name	No name	No name	No name	cwts_multi_inst_no_relation
W2593764482	Medizinische Klinik und Poliklinik I, Universitätsklinikum Carl Gustav Carus, TU Dresden, Dresden, Germany	[4210162051, 78650965, 4210164182]	['4210162051 - University Hospital Carl Gustav Carus', '78650965 - TU Dresden', '4210164182 - Klinik und Poliklinik für Psychotherapie und Psychosomatik']	4210162051	4210162051	No name	No name	No name	No name	cwts_multi_inst_no_relation
W3170570890	Department of Medicine III, University Hospital Carl Gustav Carus Technische Universität Dresden Dresden Germany	[4210162051, 78650965]	['4210162051 - University Hospital Carl Gustav Carus', '78650965 - TU Dresden']	4210162051	4210162051	No name	No name	No name	No name	cwts_multi_inst_no_relation
W2085201185	Division of Rheumatology, Department of Medicine III, University Clinical Center Carl Gustav Carus at the Technical University of Dresden, Germany	[4210162051, 78650965]	['4210162051 - University Hospital Carl Gustav Carus']	4210162051	4210162051	No name	No name	No name	No name	cwts_multi_inst_no_relation
W2911350956	Atomically Resolved Dynamics Department, Center for Free Electron Laser Science , Max Planck Institute for the Structure and Dynamics of Matter , Luruper Chaussee 149 , 22761 Hamburg , Germany.	[4210149784, 4210143371]	['4210149784 - Max Planck Institute for the Structure and Dynamics of Matter', '4210143371 - Center for Free-Electron Laser Science']	4210149784	4210143371	No name	No name	No name	No name	cwts_multi_inst_no_relation
W2049746164	1Department of Neurorehabilitation Engineering, Bernstein Focus Neurotechnology Göttingen, Bernstein Center for Computational Neuroscience, University Medical Center Göttingen, Georg-August University, Göttingen, Germany;	[74656192, 4210116730, 4210087171]	['74656192 - University of Göttingen', '4210152641 - Bernstein Center for Computational Neuroscience Berlin', '4210116730 - Universitätsmedizin Göttingen', '4210087171 - Bernstein Center for Computational Neuroscience Göttingen']	74656192	4210116730	4210152641	No name	No name	No name	cwts_multi_inst_no_relation
W2316874346	Institute of Neurorehabilitation Systems, Bernstein Focus Neurotechnology Göttingen, Bernstein Center for Computational Neuroscience, University Medical Center Göttingen, Georg-August University, Göttingen, Germany.	[74656192, 4210116730, 4210087171]	['74656192 - University of Göttingen', '4210152641 - Bernstein Center for Computational Neuroscience Berlin', '4210116730 - Universitätsmedizin Göttingen', '4210087171 - Bernstein Center for Computational Neuroscience Göttingen']	74656192	4210116730	4210152641	No name	No name	No name	cwts_multi_inst_no_relation
W2013510287	Department of Marine Fisheries, Danish Institute for Fisheries Research, Technical University of Denmark, Charlottenlund Castle, DK‐2920 Charlottenlund, Denmark	[4210090208, 96673099, 124055696]	['4210090208 - Danish Centre for Marine Research', '96673099 - Technical University of Denmark', '124055696 - University of Copenhagen']	124055696	96673099	No name	No name	No name	No name	cwts_multi_inst_no_relation
W2791143884	a Centre for Health Research in Greenland, National Institute of Public Health , Faculty of Health Science, University of Southern Denmark , Copenhagen , Denmark.	[177969490, 4210099175]	['177969490 - University of Southern Denmark', '4210099175 - Danish National Institute of Public Health']	177969490	4210099175	No name	No name	No name	No name	cwts_multi_inst_no_relation
W2755235543	Department of Occupational and Environmental Medicine, Frederiksberg and Bispebjerg Hospital, Copenhagen, Denmark.	[2801941904, 2801150652]	['2801941904 - Bispebjerg Hospital', '2801150652 - Frederiksberg Hospital']	2801941904	2801150652	No name	No name	No name	No name	cwts_multi_inst_no_relation
W1514500765	Mech-Sense, Department of Radiology, Aalborg Hospital, Aarhus University Hospital, Aalborg, Denmark.	[2802335433, 2799976261, 4210112798]	['2802335433 - Aarhus University Hospital', '2799976261 - Aalborg University Hospital', '4210112798 - Mech-Sense']	2802335433	2799976261	No name	No name	No name	No name	cwts_multi_inst_no_relation
W2115632768	Mech-Sense Department of Gastroenterology and Hepatology Aalborg Hospital Aarhus University Hospital Denmark	[2802335433, 2799976261, 4210112798]	['2802335433 - Aarhus University Hospital', '2799976261 - Aalborg University Hospital', '4210112798 - Mech-Sense']	2802335433	2799976261	No name	No name	No name	No name	cwts_multi_inst_no_relation
W1968343944	Department of Clinical Microbiology, Aalborg Hospital, Aarhus University Hospital, Aalborg, Denmark;	[2802335433, 2799976261]	['2802335433 - Aarhus University Hospital', '2799976261 - Aalborg University Hospital']	2802335433	2799976261	No name	No name	No name	No name	cwts_multi_inst_no_relation
W1982842999	Department of Endocrinology, Aalborg Hospital, Aarhus University Hospital, Aalborg, Denmark	[2802335433, 2799976261]	['2802335433 - Aarhus University Hospital', '2799976261 - Aalborg University Hospital']	2802335433	2799976261	No name	No name	No name	No name	cwts_multi_inst_no_relation
W1975178821	Institute of Public Health Aarhus University Aarhus Denmark	[204337017, 4210099175]	['204337017 - Aarhus University', '4210099175 - Danish National Institute of Public Health']	204337017	4210099175	No name	No name	No name	No name	cwts_multi_inst_no_relation
W4283162395	Neurovascular Research Group, Department of Neurology, Hospital del Mar, IMIM, Universitat Autònoma de Barcelona/DCEXS-Universitat Pompeu Fabra, Barcelona, Spain.	[123044942, 4210130874, 4210156109, 170486558]	['123044942 - Autonomous University of Barcelona', '4210130874 - Hospital Del Mar', "4210156109 - Institut Hospital del Mar d'Investigacions Mèdiques", '170486558 - Pompeu Fabra University']	123044942	170486558	4210130874	4210156109	No name	No name	cwts_multi_inst_no_relation
W2907956840	Department of Medical Oncology, IMIM-Hospital del Mar Medical Research Institute, Barcelona, Spain.	[4210136145, 4210130874, 4210156109]	['4210136145 - Municipal Institute for Medical Research', '4210130874 - Hospital Del Mar', "4210156109 - Institut Hospital del Mar d'Investigacions Mèdiques"]	4210130874	4210156109	No name	No name	No name	No name	cwts_multi_inst_no_relation
W2130312187	Neurovascular Research Group, Neurology Department, IMIM-Hospital del Mar, Barcelona, Spain	[4210136145, 4210130874, 4210156109]	['4210136145 - Municipal Institute for Medical Research', '4210130874 - Hospital Del Mar', "4210156109 - Institut Hospital del Mar d'Investigacions Mèdiques"]	4210130874	4210156109	No name	No name	No name	No name	cwts_multi_inst_no_relation
W4210377061	AgroParisTech, INRAE, Silva, Université de Lorraine 5400 Nancy, France.	[4210104468, 22248866, 4210088668, 90183372]	['4210104468 - Silva', '22248866 - Agro ParisTech', '4210088668 - National Research Institute for Agriculture, Food and Environment', '90183372 - University of Lorraine']	90183372	22248866	4210088668	4210104468	No name	No name	cwts_multi_inst_no_relation
W2884482828	University of Strasbourg, University of Lorraine CNRS, BETA Strasbourg France	[90183372, 68947357, 4210166604, 4210097719]	['90183372 - University of Lorraine', '68947357 - University of Strasbourg', '4210166604 - Bureau for Economic Theory and Applications', '4210097719 - National Council for Scientific Research']	68947357	90183372	4210097719	4210166604	No name	No name	cwts_multi_inst_no_relation
W2609117347	CRCINA, INSERM, Université de Nantes, Université d'Angers, LabEx IGO, 49000 Angers, France;	[154526488, 97188460, 49451733]	['154526488 - Inserm', '97188460 - University of Nantes', '49451733 - University of Angers']	49451733	University of Nantes	154526488	No name	No name	No name	cwts_multi_inst_no_relation
W2944492308	CRCINA, INSERM, Université de Nantes, Université D'Angers, Nantes, France	[154526488, 97188460, 49451733]	['154526488 - Inserm', '97188460 - University of Nantes', '49451733 - University of Angers']	49451733	University of Nantes	154526488	No name	No name	No name	cwts_multi_inst_no_relation
W2620608553	Maladies du Sang, CHU Angers, CRCINA, INSERM, Université de Nantes, Université d'Angers, Angers, France.	[154526488, 97188460, 49451733, 4210112910]	['154526488 - Inserm', '97188460 - University of Nantes', '49451733 - University of Angers', "4210112910 - Centre Hospitalier Universitaire d'Angers"]	49451733	University of Nantes	154526488	4210112910	No name	No name	cwts_multi_inst_no_relation
W4200170629	LPG-BIAF, UMR-CNRS 6112, University of Angers, University of Nantes, 2 Bd Lavoisier, CEDEX, 49045 Angers, France	[4210146808, 97188460, 49451733, 4210097719]	['4210146808 - Laboratoire de Planétologie et Géodynamique de Nantes', '97188460 - University of Nantes', '49451733 - University of Angers', '4210097719 - National Council for Scientific Research']	University of Nantes	49451733	4210097719	4210146808	No name	No name	cwts_multi_inst_no_relation
W2968914937	CRCINA, INSERM, CNRS Université de Nantes Université d'Angers Nantes France	[154526488, 97188460, 49451733, 4210097719]	['154526488 - Inserm', '97188460 - University of Nantes', '49451733 - University of Angers', '4210097719 - National Council for Scientific Research']	49451733	University of Nantes	4210097719	154526488	No name	No name	cwts_multi_inst_no_relation
W2996144734	Ethologie animale et humaine (EthoS) – University of Caen Normandie, Université de Rennes I, CNRS, France	[56067802, 98702875, 4210097719]	['56067802 - University of Rennes 1', '98702875 - Université de Caen Normandie', '4210105918 - Normandie Université', '4210097719 - National Council for Scientific Research']	University of Rennes 1	98702875	4210097719	No name	No name	No name	cwts_multi_inst_no_relation
W3037600016	Laboratoire de Spectrométrie de Masse BioOrganique, CNRS, IPHC UMR 7178, Université de Strasbourg, 67000, Strasbourg, France.	[2899451211, 68947357, 4210097719]	['2899451211 - Hubert Curien Pluridisciplinary Institute', '68947357 - University of Strasbourg', '4210097719 - National Council for Scientific Research']	68947357	2899451211	4210097719	No name	No name	No name	cwts_multi_inst_no_relation
W2162983573	Université Paris‐Sud 11 ‐ L2S ‐ EECI ‐ Supélec 3 rue Joliot‐Curie 91192 Gif sur Yvette France	[4210165409, 4210097418, 102475099, 102197404]	['4210165409 - European Embedded Control Institute', '4210097418 - Laboratoire des Signaux & Systèmes', '102475099 - Supélec', '102197404 - University of Paris-Sud']	102197404	102475099	4210097418	4210165409	No name	No name	cwts_multi_inst_no_relation
W2997223962	Univ. Tours, Univ. Orléans, INSA CVL, LaMé, 7 Avenue Marcel Dassault, Tours 37200, France	[4210143826, 110017253, 12449238]	['4210143826 - Institut National des Sciences Appliquées Centre Val de Loire', '110017253 - François Rabelais University', '12449238 - University of Orléans']	12449238	110017253	4210143826	No name	No name	No name	cwts_multi_inst_no_relation
W3084559196	Univ. Orléans, Univ. Tours, INSA-CVL, LaMé, 8 rue L. de Vinci, 45072 Orléans, France	[4210143826, 110017253, 12449238]	['4210143826 - Institut National des Sciences Appliquées Centre Val de Loire', '110017253 - François Rabelais University', '12449238 - University of Orléans']	12449238	110017253	4210143826	No name	No name	No name	cwts_multi_inst_no_relation
W2070855667	CeRCA, CNRS UMR 6234, université de Poitiers, université de Tours, 86000 Poitiers, France	[4210108291, 110017253, 32881790, 4210097719]	['4210108291 - Research Centre on Cognition and Learning', '110017253 - François Rabelais University', '32881790 - University of Poitiers', '4210097719 - National Council for Scientific Research']	110017253	32881790	4210097719	4210108291	No name	No name	cwts_multi_inst_no_relation
W3014171709	Centre de recherches sur la cognition et l'apprentissage, Université François Rabelais de Tours, Université de Poitiers, UMR-CNRS 7295, France.	[4210108291, 110017253, 32881790, 4210097719]	['4210108291 - Research Centre on Cognition and Learning', '110017253 - François Rabelais University', '32881790 - University of Poitiers', '4210097719 - National Council for Scientific Research']	32881790	110017253	4210097719	4210108291	No name	No name	cwts_multi_inst_no_relation
W3189154630	UMR1246 SPHERE (MethodS in Patients-centered outcomes and HEalth ResEarch), Nantes University, Tours University, INSERM, Nantes, France.	[154526488, 4210150713, 110017253, 97188460]	['154526488 - Inserm', '4210150713 - Sciences, Philosophie, Histoire', '110017253 - François Rabelais University']	University of Nantes	110017253	154526488	No name	No name	No name	cwts_multi_inst_no_relation
W4224868054	MMDN, University Montpellier, EPHE, INSERM, 34095 Montpellier, France	[154526488, 159885104, 19894307]	['154526488 - Inserm', '159885104 - École Pratique des Hautes Études', '19894307 - University of Montpellier']	19894307	159885104	154526488	No name	No name	No name	cwts_multi_inst_no_relation
W3107118948	GenPhySE, Université de Toulouse, INRAE, INP, ENVT, Castanet-Tolosan, France	[205747304, 17866349, 176063091, 4210154939, 4210088668]	['205747304 - National Polytechnic Institute of Toulouse', '17866349 - Federal University of Toulouse Midi-Pyrénées', '176063091 - École Nationale Vétérinaire de Toulouse', "4210154939 - Génétique Physiologie et Systèmes d'Elevage", '4210088668 - National Research Institute for Agriculture, Food and Environment']	17866349	176063091	4210088668	4210154939	205747304	No name	cwts_multi_inst_no_relation
W3185408830	GenPhySE, Université de Toulouse, INRAE, ENVT, 31326 Castanet Tolosan, France	[176063091, 4210154939, 4210088668, 17866349]	['176063091 - École Nationale Vétérinaire de Toulouse', "4210154939 - Génétique Physiologie et Systèmes d'Elevage", '4210088668 - National Research Institute for Agriculture, Food and Environment', '17866349 - Federal University of Toulouse Midi-Pyrénées']	17866349	176063091	4210088668	4210154939	No name	No name	cwts_multi_inst_no_relation
W2954936233	GenPhySE, Université de Toulouse, INRA, ENVT, Castanet-Tolosan, France	[176063091, 1314251682, 4210154939, 17866349]	['176063091 - École Nationale Vétérinaire de Toulouse', '1314251682 - Institut National de la Recherche Agronomique', "4210154939 - Génétique Physiologie et Systèmes d'Elevage", '17866349 - Federal University of Toulouse Midi-Pyrénées']	17866349	176063091	4210154939	1314251682	No name	No name	cwts_multi_inst_no_relation
W2012693263	#N#SPINTEC, UMR 8191 CNRS/INAC-CEA/UJF-Grenoble 1/Grenoble-INP, F-38054 Cedex, France	[177483745, 106785703, 3020098449, 4210135251, 4210124948, 4210097719]	['177483745 - Joseph Fourier University', '106785703 - Grenoble Institute of Technology', '3020098449 - CEA Grenoble', '4210135251 - Spintronique et Technologie des Composants', '4210124948 - Institut Nanosciences et Cryogénie', '4210097719 - National Council for Scientific Research']	177483745	106785703	4210097719	4210135251	4210124948	3020098449	cwts_multi_inst_no_relation
W1989560244	Laboratoire d'Electrochimie et de Physicochimie des Matériaux et des Interfaces, CNRS-UJF-INP-Grenoble (UMR 5631), ENSEEG, BP 75,,France	[177483745, 4210153659, 4210097719, 106785703]	['177483745 - Joseph Fourier University', '4210153659 - Laboratoire d’Electrochimie et de Physico-chimie des Matériaux et des Interfaces', '4210097719 - National Council for Scientific Research', '106785703 - Grenoble Institute of Technology']	177483745	106785703	4210097719	4210153659	No name	No name	cwts_multi_inst_no_relation
W2063924613	TIMA Laboratory (CNRS-Grenoble INP-UJF)-UMR 5159, Grenoble, France	[177483745, 4210087012, 4210097719, 106785703]	['177483745 - Joseph Fourier University', '4210087012 - Techniques of Informatics and Microelectronics for Integrated Systems Architecture', '4210097719 - National Council for Scientific Research', '106785703 - Grenoble Institute of Technology']	177483745	106785703	4210097719	4210087012	No name	No name	cwts_multi_inst_no_relation
W2062831020	LEPMI, UMR 5631 CNRS-INPG-UJF, ENSEEG, BP 75, F-38402, Saint Martin d’Hères, France	[177483745, 4210153659, 4210097719, 106785703]	['177483745 - Joseph Fourier University', '4210153659 - Laboratoire d’Electrochimie et de Physico-chimie des Matériaux et des Interfaces', '4210097719 - National Council for Scientific Research', '106785703 - Grenoble Institute of Technology']	106785703	177483745	4210097719	4210153659	No name	No name	cwts_multi_inst_no_relation
W1974537263	Laboratoire National des Champs Magnétiques Intenses (UPR 3228, CNRS-INSA-UJF-UPS), F-31400 Toulouse Cedex, France, EU.	[196454796, 177483745, 3170133708, 4210097719, 134560555]	['196454796 - Institut National des Sciences Appliquées de Toulouse', '177483745 - Joseph Fourier University', '3170133708 - French National High Magnetic Field Laboratory', '4210097719 - National Council for Scientific Research']	Paul Sabatier University	177483745	3170133708	196454796	4210097719	No name	cwts_multi_inst_no_relation
W2207996425	Laboratoire National des Champs Magnétiques Intenses, CNRS-INSA-UJF-UPS, F-31400 Toulouse, France	[196454796, 177483745, 3170133708, 4210097719, 134560555]	['196454796 - Institut National des Sciences Appliquées de Toulouse', '177483745 - Joseph Fourier University', '3170133708 - French National High Magnetic Field Laboratory', '4210097719 - National Council for Scientific Research']	Paul Sabatier University	177483745	3170133708	196454796	4210097719	No name	cwts_multi_inst_no_relation
W2046152939	Institut de Génétique et de Biologie Moléculaire et Cellulaire, CNRS-INSERM-ULP, Illkirch Cédex, France	[4210086872, 154526488, 68947357, 4210097719]	['4210086872 - Institute of Genetics and Molecular and Cellular Biology', '154526488 - Inserm', '68947357 - University of Strasbourg', '4210097719 - National Council for Scientific Research']	154526488	68947357	4210097719	4210086872	No name	No name	cwts_multi_inst_no_relation
W2896889615	Université Paris Saclay, Université Paris Sud, UVSQ, CESP, INSERM, Villejuif, France	[195731000, 4210103698, 154526488, 277688954, 102197404]	['195731000 - Versailles Saint-Quentin-en-Yvelines University', '4210103698 - Centre for Research in Epidemiology and Population Health', '154526488 - Inserm', '277688954 - University of Paris-Saclay', '102197404 - University of Paris-Sud']	102197404	195731000	154526488	277688954	4210103698	No name	cwts_multi_inst_no_relation
W2927597815	LEESU, Université Paris-Est (UMR MA 102), Ecole des Ponts ParisTech, UPEC, AgroParisTech, Créteil, France.	[142631665, 22248866, 197681013, 4210126119]	['142631665 - École des Ponts ParisTech', '22248866 - Agro ParisTech', '197681013 - Paris-Est Créteil University', '4210126119 - Water, Environment and Urban Systems Laboratory']	197681013	22248866	4210126119	142631665	No name	No name	cwts_multi_inst_no_relation
W3008936011	Toxalim, INRAE, INP-ENVT, INP-EI-Purpan, Université de Toulouse 3 Paul Sabatier, Toulouse, France.	[4210100066, 4210089154, 205747304, 176063091, 4210088668, 134560555]	['4210100066 - Toxalim Research Centre in Food Toxicology', '4210089154 - Purpan Engineering School', '205747304 - National Polytechnic Institute of Toulouse', '17866349 - Federal University of Toulouse Midi-Pyrénées', '176063091 - École Nationale Vétérinaire de Toulouse', '4210088668 - National Research Institute for Agriculture, Food and Environment']	Paul Sabatier University	205747304	4210088668	176063091	4210089154	4210100066	cwts_multi_inst_no_relation
W3167892399	GenPhySE, INRAE, University of Toulouse, INPT, ENVT, 31326 Castanet-Tolosan, France	[205747304, 17866349, 176063091, 4210154939, 4210088668]	['205747304 - National Polytechnic Institute of Toulouse', '17866349 - Federal University of Toulouse Midi-Pyrénées', '176063091 - École Nationale Vétérinaire de Toulouse', "4210154939 - Génétique Physiologie et Systèmes d'Elevage", '4210088668 - National Research Institute for Agriculture, Food and Environment']	17866349	205747304	4210088668	176063091	4210154939	No name	cwts_multi_inst_no_relation
W2548676837	Dynafor, Université de Toulouse, INRA, INPT, INP‐EI Purpan Castanet Tolosan France	[205747304, 4210089154, 1314251682, 17866349]	['205747304 - National Polytechnic Institute of Toulouse', '4210089154 - Purpan Engineering School', '1314251682 - Institut National de la Recherche Agronomique', '17866349 - Federal University of Toulouse Midi-Pyrénées']	17866349	205747304	1314251682	No name	4210089154	No name	cwts_multi_inst_no_relation
W2811444294	AGIR, Université de Toulouse, INRA, INPT, INP-EI PURPAN, 24 chemin de Borde Rouge – Auzeville CS 52627, F-31326 Castanet-Tolosan, Cedex, France	[1314251682, 4210089154, 205747304, 17866349, 4210111259]	['1314251682 - Institut National de la Recherche Agronomique', '4210089154 - Purpan Engineering School', '205747304 - National Polytechnic Institute of Toulouse', '17866349 - Federal University of Toulouse Midi-Pyrénées', '4210111259 - AGroecologies, Innovations & Ruralities']	17866349	205747304	4210111259	4210089154	1314251682	No name	cwts_multi_inst_no_relation
W2614086901	GenPhySE, Université de Toulouse, INRA, INPT, ENVT, France	[1314251682, 205747304, 17866349, 176063091, 4210154939]	['1314251682 - Institut National de la Recherche Agronomique', '205747304 - National Polytechnic Institute of Toulouse', '17866349 - Federal University of Toulouse Midi-Pyrénées', '176063091 - École Nationale Vétérinaire de Toulouse', "4210154939 - Génétique Physiologie et Systèmes d'Elevage"]	17866349	205747304	176063091	4210154939	1314251682	No name	cwts_multi_inst_no_relation
W2784099983	CIRIMAT, Université de Toulouse, CNRS, INPT, UPS, Université Toulouse 3 Paul Sabatier, 118 route de Narbonne 31062, Toulouse Cedex 9, France	[205747304, 4210135817, 134560555, 17866349, 4210097719]	['205747304 - National Polytechnic Institute of Toulouse', '4210135817 - Interuniversity Center of Materials Research and Engineering', '134560555 - Paul Sabatier University', '17866349 - Federal University of Toulouse Midi-Pyrénées', '4210097719 - National Council for Scientific Research']	Paul Sabatier University	205747304	4210097719	4210135817	17866349	No name	cwts_multi_inst_no_relation
W2900158211	CIRIMAT, CNRS/INPT/UPS, 4, allée Émile-Monso, 31030 Toulouse, France	[205747304, 4210135817, 4210097719, 134560555]	['205747304 - National Polytechnic Institute of Toulouse', '4210135817 - Interuniversity Center of Materials Research and Engineering', '4210097719 - National Council for Scientific Research']	Paul Sabatier University	205747304	4210097719	4210135817	No name	No name	cwts_multi_inst_no_relation
W2312906299	GenPhySE, Université de Toulouse, INRA, INPT, INP-ENVT, CASTANET-TOLOSAN, France	[1314251682, 205747304, 17866349, 176063091, 4210154939]	['1314251682 - Institut National de la Recherche Agronomique', '205747304 - National Polytechnic Institute of Toulouse', '17866349 - Federal University of Toulouse Midi-Pyrénées', '176063091 - École Nationale Vétérinaire de Toulouse', "4210154939 - Génétique Physiologie et Systèmes d'Elevage"]	17866349	205747304	176063091	4210154939	1314251682	No name	cwts_multi_inst_no_relation
W2809057482	INSERM U1170, Equipe Labellisée Ligue Contre le Cancer, Gustave Roussy Institute, Université Paris Diderot, Université Paris-Sud, Villejuif 94800, Francet	[154526488, 2801843802, 4210095243, 102197404]	['154526488 - Inserm', '2801843802 - Institut Gustave Roussy', '4210095243 - Ligue Nationale Contre le Cancer', '102197404 - University of Paris-Sud']	102197404	2801843802	154526488	Paris Diderot University	4210095243	No name	cwts_multi_inst_no_relation
W2030664470	Department of Pediatric and Adolescent Oncology, Gustave Roussy Cancer Institute, University Paris XI, Villejuif, France	[2801843802, 102197404]	['2801843802 - Institut Gustave Roussy', '102197404 - University of Paris-Sud']	102197404	2801843802	No name	No name	No name	No name	cwts_multi_inst_no_relation
W1853367796	Université Paris Sud, Institut Gustave Roussy, 114 rue Edouard Vaillant, 94805, Villejuif, France.	[2801843802, 102197404]	['2801843802 - Institut Gustave Roussy', '102197404 - University of Paris-Sud']	102197404	2801843802	No name	No name	No name	No name	cwts_multi_inst_no_relation
W2069256603	SIMAP, INPGrenoble-CNRS-UJF, BP 75, 38402 Saint Martin D’Hères, France	[205747304, 177483745, 4210094574, 4210097719]	['205747304 - National Polytechnic Institute of Toulouse', '177483745 - Joseph Fourier University', '4210094574 - Science et Ingénierie des Matériaux et Procédés', '4210097719 - National Council for Scientific Research']	177483745	4210094574	4210097719	205747304	No name	No name	cwts_multi_inst_no_relation
W2569840997	LMOPS, CentraleSupélec, Université de Lorraine, 57070 METZ	[4210107720, 90183372, 4210148061]	['4210107720 - CentraleSupélec', '90183372 - University of Lorraine', '4210148061 - Laboratoire Matériaux Optiques, Photonique et Systèmes']	90183372	4210107720	4210148061	No name	No name	No name	cwts_multi_inst_no_relation
W3027152079	CentraleSupelec - Univ. Paris Sud, Gif-sur-Yvette, France	[4210107720, 102197404]	['4210107720 - CentraleSupélec', '102197404 - University of Paris-Sud']	102197404	4210107720	No name	No name	No name	No name	cwts_multi_inst_no_relation
W2114885831	Laboratory of Signals and Systems (L2S, UMR CNRS 8506) CNRS - CentraleSupélec - Université Paris-Sud Gif-sur-Yvette France	[4210107720, 4210097418, 102197404, 4210097719]	['4210107720 - CentraleSupélec', '4210097418 - Laboratoire des Signaux & Systèmes', '102197404 - University of Paris-Sud', '4210097719 - National Council for Scientific Research']	102197404	4210107720	4210097719	4210097418	No name	No name	cwts_multi_inst_no_relation
W4211068607	GeePs, Univ Paris-Sud, CNRS, CentraleSupelec, Univ Paris-Saclay, Gif-sur-Yvette F-91190, France	[4210107720, 4210097719, 277688954, 102197404, 3019908861]	['4210107720 - CentraleSupélec', '4210097719 - National Council for Scientific Research', '277688954 - University of Paris-Saclay', '102197404 - University of Paris-Sud', '3019908861 - Laboratoire de Génie Électrique et Électronique de Paris']	102197404	4210107720	4210097719	277688954	3019908861	No name	cwts_multi_inst_no_relation
W2313059123	Université Grenoble I/CNRS, Laboratoire Interdisciplinaire de Physique/UMR5588, Grenoble F-38041, France.	[177483745, 4210113150, 4210097719]	['177483745 - Joseph Fourier University', '4210113150 - Laboratoire Interdisciplinaire de Physique', '4210097719 - National Council for Scientific Research']	177483745	4210113150	4210097719	No name	No name	No name	cwts_multi_inst_no_relation
W4296802039	Myology Institute, AP-HP Pitié-Salpêtrière University Hospital, F-75013, Paris, France.	[4210121705, 4210113666, 4210097159]	['4210121705 - Pitié-Salpêtrière Hospital', '4210113666 - Institute of Myology', '4210097159 - Assistance Publique – Hôpitaux de Paris']	4210121705	4210113666	4210097159	No name	No name	No name	cwts_multi_inst_no_relation
W2950974710	LEEL SIS2M, UMR 3299, CEA-CNRS-Université Paris-Sud 11, CEA Saclay, F-91191 Gif-Sur-Yvette, France	[4210128565, 4210092348, 4210097719, 102197404]	['4210128565 - CEA Saclay', '4210092348 - Service Interdisciplinaire sur les Systèmes Moléculaires et les Matériaux', '4210097719 - National Council for Scientific Research', '277688954 - University of Paris-Saclay', '102197404 - University of Paris-Sud']	102197404	4210128565	4210097719	4210092348	No name	No name	cwts_multi_inst_no_relation
W2771568350	Institut Néel, CNRS/UJF 25, Grenoble Cedex 9, France	[177483745, 4210097719, 4210144791]	['177483745 - Joseph Fourier University', '4210097719 - National Council for Scientific Research', '4210144791 - Institut Néel']	177483745	4210144791	4210097719	No name	No name	No name	cwts_multi_inst_no_relation
W2093846635	Hôpital Antoine Béclère, Université Paris-Sud, Clamart, France	[102197404, 4210150149]	['102197404 - University of Paris-Sud', '4210150149 - Hôpital Antoine-Béclère']	102197404	4210150149	No name	No name	No name	No name	cwts_multi_inst_no_relation
W2772596171	ICMMO/SP2M, UMR CNRS 8182, Université Paris-Sud, 91405 Orsay, France	[4210151467, 102197404, 4210097719]	["4210151467 - Institut de Chimie Moléculaire et des Matériaux d'Orsay", '102197404 - University of Paris-Sud', '4210097719 - National Council for Scientific Research']	102197404	4210151467	4210097719	No name	No name	No name	cwts_multi_inst_no_relation
W2089776572	Univ. Paris-Sud, LEMHE-ICMMO, CNRS-UMR 8182, Orsay F-91405, France	[4210151467, 102197404, 4210097719]	["4210151467 - Institut de Chimie Moléculaire et des Matériaux d'Orsay", '102197404 - University of Paris-Sud', '4210097719 - National Council for Scientific Research']	102197404	4210151467	4210097719	No name	No name	No name	cwts_multi_inst_no_relation
W1971673484	Université Paris-Sud 11, UMR 8182 ICMMO - Equipe de Chimie Inorganique, Orsay, France	[4210151467, 102197404]	["4210151467 - Institut de Chimie Moléculaire et des Matériaux d'Orsay", '102197404 - University of Paris-Sud']	102197404	4210151467	No name	No name	No name	No name	cwts_multi_inst_no_relation
W1969219445	CEA-CNRS-UJF, Institut de Biologie Structurale Jean-Pierre Ebel, UMR 5075, Grenoble, France	[177483745, 3020098449, 4210152516, 4210097719]	['177483745 - Joseph Fourier University', '3020098449 - CEA Grenoble', '4210152516 - Institut de Biologie Structurale', '4210097719 - National Council for Scientific Research']	177483745	4210152516	4210097719	3020098449	No name	No name	cwts_multi_inst_no_relation
W2132840577	Institut de Biologie Structurale#R#UMR5075, CEA-CNRS-UJF, Grenoble, France	[177483745, 3020098449, 4210152516, 4210097719]	['177483745 - Joseph Fourier University', '3020098449 - CEA Grenoble', '4210152516 - Institut de Biologie Structurale', '4210097719 - National Council for Scientific Research']	177483745	4210152516	4210097719	3020098449	No name	No name	cwts_multi_inst_no_relation
W3000943614	INSERM U1195, Université Paris Sud, Faculté de Médecine, APHP, Service de Neurologie, Bicêtre Hospital, 94276 le Kremlin Bicêtre, France	[154526488, 102197404, 4210162942, 4210097159]	['154526488 - Inserm', '102197404 - University of Paris-Sud', '4210162942 - Bicêtre Hospital', '4210097159 - Assistance Publique – Hôpitaux de Paris']	102197404	4210162942	154526488	4210097159	No name	No name	cwts_multi_inst_no_relation
W2564398793	Psychiatry Department, Hôpital Bicêtre, INSERM, UMR S1178, University Paris-Sud, Assistance Publique-Hôpitaux de Paris, Le Kremlin Bicêtre, France.	[154526488, 102197404, 4210162942, 4210097159]	['154526488 - Inserm', '102197404 - University of Paris-Sud', '4210162942 - Bicêtre Hospital', '4210097159 - Assistance Publique – Hôpitaux de Paris']	102197404	4210162942	154526488	4210097159	No name	No name	cwts_multi_inst_no_relation
W2909352948	Department of Interventional Neuroradiology Neuro Brain Vascular Center, Hopital Bicetre, APHP, Paris Sud Université, Le Kremlin-Bicetre, Île-de-France, France.	[102197404, 4210162942, 4210097159]	['102197404 - University of Paris-Sud', '4210162942 - Bicêtre Hospital', '4210097159 - Assistance Publique – Hôpitaux de Paris']	102197404	4210162942	4210097159	No name	No name	No name	cwts_multi_inst_no_relation
W2143316246	Haemophilia Centre, AP‐HP Bicêtre Hospital, Paris‐XI University Paris France	[102197404, 4210162942, 4210097159]	['102197404 - University of Paris-Sud', '4210162942 - Bicêtre Hospital', '4210097159 - Assistance Publique – Hôpitaux de Paris']	102197404	4210162942	4210097159	No name	No name	No name	cwts_multi_inst_no_relation
W2517209909	Centre Hépatobiliaire, AP-HP Hôpital Paul Brousse, INSERM U 935, Univ Paris Sud, Villejuif, France.	[154526488, 102197404, 4210097159, 4210164847]	['154526488 - Inserm', '102197404 - University of Paris-Sud', '4210097159 - Assistance Publique – Hôpitaux de Paris', '4210164847 - Hôpital Paul-Brousse']	102197404	4210164847	154526488	4210097159	No name	No name	cwts_multi_inst_no_relation
W2176608923	Cardiovascular Division, The Rayne Institute, 4th Floor, Lambeth Wing, St Thomas' Hospital, King's College London, London SE1 7EH, UK.	[183935753, 1324925910]	["183935753 - King's College London", "1324925910 - St Thomas' Hospital"]	1324925910	183935753	No name	No name	No name	No name	cwts_multi_inst_no_relation
W2073618830	Gastroenterology Unit, GKT, The Rayne Institute, St. Thomas' Hospital, London SE1 7EH, UK	[183935753, 1324925910]	["183935753 - King's College London", "1324925910 - St Thomas' Hospital"]	1324925910	183935753	No name	No name	No name	No name	cwts_multi_inst_no_relation
W2073618830	Gastroenterology Unit, GKT, The Rayne Institute, St. Thomas' Hospital, London SE1 7EH, UK	[183935753, 1324925910]	["183935753 - King's College London", "1324925910 - St Thomas' Hospital"]	1324925910	183935753	No name	No name	No name	No name	cwts_multi_inst_no_relation
W2073618830	Gastroenterology Unit, GKT, The Rayne Institute, St. Thomas' Hospital, London SE1 7EH, UK	[183935753, 1324925910]	["183935753 - King's College London", "1324925910 - St Thomas' Hospital"]	1324925910	183935753	No name	No name	No name	No name	cwts_multi_inst_no_relation
W2073618830	Gastroenterology Unit, GKT, The Rayne Institute, St. Thomas' Hospital, London SE1 7EH, UK	[183935753, 1324925910]	["183935753 - King's College London", "1324925910 - St Thomas' Hospital"]	1324925910	183935753	No name	No name	No name	No name	cwts_multi_inst_no_relation
W2006211379	Cardiovascular Division, King's College London, The Rayne Institute, St Thomas' Hospital, Lambeth Palace Road, London SE1 7EH, United Kingdom.	[183935753, 1324925910]	["183935753 - King's College London", "1324925910 - St Thomas' Hospital"]	1324925910	183935753	No name	No name	No name	No name	cwts_multi_inst_no_relation
W1696487200	Lupus Unit, Rayne Institute, St Thomas' Hospital, London, United Kingdom	[183935753, 1324925910]	["183935753 - King's College London", "1324925910 - St Thomas' Hospital"]	1324925910	183935753	No name	No name	No name	No name	cwts_multi_inst_no_relation
W2012704017	King's College London, Cardiovascular Division, The Rayne Institute, St. Thomas' Hospital, London SE1 7EH, UK	[183935753, 1324925910]	["183935753 - King's College London", "1324925910 - St Thomas' Hospital"]	1324925910	183935753	No name	No name	No name	No name	cwts_multi_inst_no_relation
W2170128239	Department of Haematology, Imperial College Healthcare NHS Trust, St. Mary's Hospital, London, UK.	[153355300, 4210106957]	["4210166773 - St. Mary's Hospital", '153355300 - Imperial College Healthcare NHS Trust', "4210106957 - St Mary's Hospital"]	St Mary's Hospital	153355300	No name	No name	No name	No name	cwts_multi_inst_no_relation
W2085523091	St John's Institute of Dermatology King's College London, Guy's Hospital London UK	[1298207432, 183935753]	["1298207432 - Guy's Hospital", "183935753 - King's College London"]	1298207432	183935753	No name	No name	No name	No name	cwts_multi_inst_no_relation
W3061893866	North West London Pathology, Charing Cross Hospital/Hammersmith Hospital, Imperial College Healthcare NHS Trust, London, W2 1NY, UK.	[2802369498, 2801748203, 153355300]	['2802369498 - Charing Cross Hospital', '2801748203 - Hammersmith Hospital', '153355300 - Imperial College Healthcare NHS Trust']	2801748203	2802369498	153355300	No name	No name	No name	cwts_multi_inst_no_relation
W2086845359	Horton Hospital, Oxford Radcliffe Hospitals NHS Trust, Oxford, UK	[2800136523, 4210147381]	['2800136523 - Horton General Hospital', '4210147381 - Oxford University Hospitals NHS Trust']	4210147381	2800136523	No name	No name	No name	No name	cwts_multi_inst_no_relation
W4294967744	Department of Cardiac Surgery, Harefield Hospital, Royal Brompton and Harefield Hospitals, Part of Guy's and St. Thomas’ NHS Foundation Trust, London, UK	[4210096640, 2802782613, 200166805]	['4210096640 - Royal Brompton Hospital', '2802782613 - Harefield Hospital', "200166805 - Guy's and St Thomas' NHS Foundation Trust"]	200166805	2802782613	4210096640	No name	No name	No name	cwts_multi_inst_no_relation
W2997625018	National Institute for Health Research, John Radcliffe Hospital, Oxford Biomedical Research Centre, OX3 9DU Oxford, United Kingdom.	[2802742124, 34931013, 4210088942]	['2802742124 - John Radcliffe Hospital', '34931013 - National Institute for Health Research', '4210088942 - NIHR Oxford Musculoskeletal Biomedical Research Centre']	2802742124	4210088942	No name	No name	No name	No name	cwts_multi_inst_no_relation
W3191505074	Department of Neurosurgery, Royal Liverpool Children’s Hospital NHS Trust, Alder Hey and the Walton Centre for Neurology and Neurosurgery NHS Trust, Liverpool, UK	[4210094656, 2802833755]	["4210094656 - Alder Hey Children's NHS Foundation Trust", '2802833755 - Walton Centre']	4210094656	2802833755	No name	No name	No name	No name	cwts_multi_inst_no_relation
W2033306356	Feto-Maternal Medicine Unit, Homerton Hospital, Academic Unit of Obstetrics and Gynaecology, St Bartholomew's and The Royal London School of Medicine and Dentistry, London, UK.	[4210098291, 225661044]	['4210098291 - Homerton University Hospital', '225661044 - Barts Health NHS Trust']	4210098291	225661044	No name	No name	No name	No name	cwts_multi_inst_no_relation